SALE TYPE,SOLD DATE,PROPERTY TYPE,ADDRESS,CITY,STATE OR PROVINCE,ZIP OR POSTAL CODE,PRICE,BEDS,BATHS,LOCATION,SQUARE FEET,LOT SIZE,YEAR BUILT,DAYS ON MARKET,$/SQUARE FEET,HOA/MONTH,STATUS,NEXT OPEN HOUSE START TIME,NEXT OPEN HOUSE END TIME,URL (SEE https://www.redfin.com/buy-a-home/comparative-market-analysis FOR INFO ON PRICING),SOURCE,MLS#,FAVORITE,INTERESTED,LATITUDE,LONGITUDE
"In accordance with local MLS rules, some MLS listings are not included in the download",,,,,,,,,,,,,,,,,,,,,,,,,,
MLS Listing,,Single Family Residential,3009 American Eagle Blvd,Woodbridge,VA,22191,749000,4,3.5,EAGLES POINTE,3656,8733,2012,3,205,138,Active,,,https://www.redfin.com/VA/Woodbridge/3009-American-Eagle-Blvd-22191/home/40294906,BRIGHT MLS,VAPW2078514,N,Y,38.604057,-77.2999058
MLS Listing,,Single Family Residential,1329 Devils Reach Rd,Woodbridge,VA,22192,649900,3,2.5,HORNBAKER,2115,19998,1957,4,307,,Pre On-Market,September-8-2024 01:00 PM,September-8-2024 03:00 PM,https://www.redfin.com/VA/Woodbridge/1329-Devils-Reach-Rd-22192/home/9155187,BRIGHT MLS,VAPW2077382,N,Y,38.671309,-77.2566122
MLS Listing,,Single Family Residential,15529 Wigeon Way,Woodbridge,VA,22191,797500,4,3.5,DAWSON LANDING,3820,25652,1998,4,209,38,Pre On-Market,September-14-2024 01:00 PM,September-14-2024 03:00 PM,https://www.redfin.com/VA/Woodbridge/15529-Wigeon-Way-22191/home/9347521,BRIGHT MLS,VAPW2077958,N,Y,38.6134199,-77.2661302
MLS Listing,,Single Family Residential,16305 Boatswain Cir,Woodbridge,VA,22191,825000,6,3.5,PORT POTOMAC,4030,8398,2011,8,205,155,Pre On-Market,,,https://www.redfin.com/VA/Woodbridge/16305-Boatswain-Cir-22191/home/40019598,BRIGHT MLS,VAPW2078092,N,Y,38.5981046,-77.2799886
MLS Listing,,Townhouse,4651 Woodway Pl,Woodbridge,VA,22193,370000,3,2.5,GREENWOOD FARM,1568,1742,1980,11,236,60,Pre On-Market,,,https://www.redfin.com/VA/Woodbridge/4651-Woodway-Pl-22193/home/9375901,BRIGHT MLS,VAPW2077360,N,Y,38.6411367,-77.3500756
MLS Listing,,Townhouse,12343 Manchester Way,Woodbridge,VA,22192,499900,3,3.5,WESTRIDGE,2396,2561,1990,75,209,124,Active,,,https://www.redfin.com/VA/Woodbridge/12343-Manchester-Way-22192/home/9275217,BRIGHT MLS,VAPW2072134,N,Y,38.6885722,-77.3312445
MLS Listing,,Single Family Residential,4600 Hamilton Dr,Woodbridge,VA,22193,425000,4,2,DALE CITY,1732,7474,1971,1,245,,Pre On-Market,,,https://www.redfin.com/VA/Woodbridge/4600-Hamilton-Dr-22193/home/9130042,BRIGHT MLS,VAPW2078248,N,Y,38.6655597,-77.3425151
MLS Listing,,Single Family Residential,5764 Ralston Ct,Woodbridge,VA,22193,475000,4,2.5,DALE CITY,1992,10545,1996,1,238,,Pre On-Market,,,https://www.redfin.com/VA/Woodbridge/5764-Ralston-Ct-22193/home/9211522,BRIGHT MLS,VAPW2078714,N,Y,38.6480344,-77.3811802
MLS Listing,,Single Family Residential,12506 Cavalier Dr,Woodbridge,VA,22192,765937,4,3.5,LAKE RIDGE,3762,27164,1983,1,204,73,Active,,,https://www.redfin.com/VA/Woodbridge/12506-Cavalier-Dr-22192/home/9233519,BRIGHT MLS,VAPW2078682,N,Y,38.6785652,-77.3107184
MLS Listing,,Condo/Co-op,485 Harbor Side St #403,Woodbridge,VA,22191,489900,2,2,HARBOR VIEW CONDO AT BELMONT BAY,1681,,2005,1,291,607,Active,,,https://www.redfin.com/VA/Woodbridge/485-Harbor-Side-St-22191/unit-403/home/12327455,BRIGHT MLS,VAPW2077374,N,Y,38.6531809,-77.232369
MLS Listing,,Townhouse,13971 Gullane Dr #126,Woodbridge,VA,22191,514900,3,2,BELMONT BAY CENTER VILLAS CONDOS,1988,,2005,2,259,550,Active,,,https://www.redfin.com/VA/Woodbridge/13971-Gullane-Dr-22191/unit-126/home/9607493,BRIGHT MLS,VAPW2078532,N,Y,38.6511961,-77.2440874
MLS Listing,,Single Family Residential,15590 Andover Heights Dr,Woodbridge,VA,22193,730000,5,2.5,CARDINAL FOREST,3549,12588,1993,2,206,25,Pre On-Market,September-15-2024 12:00 PM,September-15-2024 03:00 PM,https://www.redfin.com/VA/Woodbridge/15590-Andover-Heights-Dr-22193/home/9289076,BRIGHT MLS,VAPW2078664,N,Y,38.6143424,-77.3115542
MLS Listing,,Townhouse,15306 Gunsmith Ter,Woodbridge,VA,22191,340000,3,3.5,RIPPON LANDING,1286,1285,1987,2,264,123,Active,,,https://www.redfin.com/VA/Woodbridge/15306-Gunsmith-Ter-22191/home/9258187,BRIGHT MLS,VAPW2078658,N,Y,38.6203051,-77.2789355
MLS Listing,,Single Family Residential,4728 Wermuth Way,Woodbridge,VA,22192,759000,5,4.5,PRINCE WILLIAM TOWN CENTER,4166,6943,2004,2,182,120,Pre On-Market,,,https://www.redfin.com/VA/Woodbridge/4728-Wermuth-Way-22192/home/9414298,BRIGHT MLS,VAPW2078672,N,Y,38.6721693,-77.3483062
MLS Listing,,Townhouse,12981 Freestone Ct,Woodbridge,VA,22192,479900,4,3,OLD BRIDGE ESTATES,1760,2587,1993,3,273,102,Pre On-Market,,,https://www.redfin.com/VA/Woodbridge/12981-Freestone-Ct-22192/home/9310527,BRIGHT MLS,VAPW2076232,N,Y,38.6720048,-77.3306483
MLS Listing,,Single Family Residential,2476 Trimaran Way,Woodbridge,VA,22191,819900,4,3.5,PORT POTOMAC,4111,10737,2009,3,199,154,Pre On-Market,,,https://www.redfin.com/VA/Woodbridge/2476-Trimaran-Way-22191/home/39983991,BRIGHT MLS,VAPW2078568,N,Y,38.5974489,-77.282346
MLS Listing,,Single Family Residential,16476 Plumage Eagle St,Woodbridge,VA,22191,695000,4,3.5,EAGLES POINTE,3497,6416,2008,3,199,138,Pre On-Market,,,https://www.redfin.com/VA/Woodbridge/16476-Plumage-Eagle-St-22191/home/21969046,BRIGHT MLS,VAPW2078656,N,Y,38.5965344,-77.3053815
MLS Listing,,Single Family Residential,14312 Fullerton Rd,Woodbridge,VA,22193,435000,4,2,DALE CITY,1372,10759,1967,3,317,,Active,,,https://www.redfin.com/VA/Woodbridge/14312-Fullerton-Rd-22193/home/9122097,BRIGHT MLS,VAPW2078640,N,Y,38.6410725,-77.3257429
MLS Listing,,Townhouse,14720 Barksdale St,Woodbridge,VA,22193,355000,3,1.5,DALE CITY,1260,1315,1972,3,282,70,Pre On-Market,,,https://www.redfin.com/VA/Woodbridge/14720-Barksdale-St-22193/home/173152850,BRIGHT MLS,VAPW2078632,N,Y,38.6334872,-77.3151944
MLS Listing,,Single Family Residential,1514 Woodside Dr,Woodbridge,VA,22191,535543,4,2.5,FEATHERSTONE TERRACE,1813,19998,1965,3,295,,Active,,,https://www.redfin.com/VA/Woodbridge/1514-Woodside-Dr-22191/home/9090972,BRIGHT MLS,VAPW2078624,N,Y,38.6355008,-77.2621891
MLS Listing,,Townhouse,13203 Nixon Ln,Woodbridge,VA,22193,646701,4,3.5,TOWNS AT DALE WOODS,2198,1964,2024,3,294,75,Active,,,https://www.redfin.com/VA/Woodbridge/13203-Nixon-LN-22191/home/192311265,BRIGHT MLS,VAPW2078614,N,Y,38.66741631,-77.38395872
MLS Listing,,Single Family Residential,5023 Observer Ln,Woodbridge,VA,22192,875000,6,4,CANNON BLUFF,4293,87991,1987,3,204,7,Pre On-Market,,,https://www.redfin.com/VA/Woodbridge/5023-Observer-Ln-22192/home/9250877,BRIGHT MLS,VAPW2078256,N,Y,38.7128652,-77.3608499
MLS Listing,,Townhouse,15085 Galapagos Pl,Woodbridge,VA,22193,485000,3,2.5,RIDGEFIELD CROSSING,1845,1598,1999,4,263,107,Active,September-7-2024 01:00 PM,September-7-2024 03:00 PM,https://www.redfin.com/VA/Woodbridge/15085-Galapagos-Pl-22193/home/9244146,BRIGHT MLS,VAPW2077854,N,Y,38.626033,-77.3656654
MLS Listing,,Single Family Residential,1944 Willow Ln,Woodbridge,VA,22191,409900,4,1.5,MARUMSCO VILLAGE,1232,20717,1959,4,333,,Active,,,https://www.redfin.com/VA/Woodbridge/1944-Willow-Ln-22191/home/9154139,BRIGHT MLS,VAPW2078234,N,Y,38.6610322,-77.2734286
MLS Listing,,Single Family Residential,13803 Mathews Dr,Woodbridge,VA,22191,465000,4,2,MARUMSCO HILLS,1591,10119,1962,4,292,,Active,,,https://www.redfin.com/VA/Woodbridge/13803-Mathews-Dr-22191/home/9146942,BRIGHT MLS,VAPW2078606,N,Y,38.6498082,-77.2749958
MLS Listing,,Single Family Residential,4127 Granby Rd,Woodbridge,VA,22193,474900,4,2,DALE CITY,1310,7148,1970,4,363,,Active,,,https://www.redfin.com/VA/Woodbridge/4127-Granby-Rd-22193/home/9378112,BRIGHT MLS,VAPW2078456,N,Y,38.6568796,-77.3327938
MLS Listing,,Condo/Co-op,12283 Wadsworth Way,Woodbridge,VA,22192,298000,2,2,HAMPTON HOUSE,922,,1987,4,323,519,Active,,,https://www.redfin.com/VA/Woodbridge/12283-Wadsworth-Way-22192/home/192303335,BRIGHT MLS,VAPW2078560,N,Y,38.6874994,-77.3240784
MLS Listing,,Townhouse,14631 Bakersfield St,Woodbridge,VA,22193,345000,3,1.5,DALE CITY,1260,2483,1971,4,274,58,Pre On-Market,September-14-2024 11:00 AM,September-14-2024 02:00 PM,https://www.redfin.com/VA/Woodbridge/14631-Bakersfield-St-22193/home/9143247,BRIGHT MLS,VAPW2078584,N,Y,38.6366751,-77.3176761
MLS Listing,,Townhouse,15355 Blacksmith Ter,Woodbridge,VA,22191,420000,3,2.5,RIPPON LANDING,1928,1306,1980,4,218,123,Active,,,https://www.redfin.com/VA/Woodbridge/15355-Blacksmith-Ter-22191/home/9215921,BRIGHT MLS,VAPW2078244,N,Y,38.6178768,-77.2721166
MLS Listing,,Townhouse,13865 Palisades St,Woodbridge,VA,22191,615000,3,3,BELMONT TOWN CENTER,2245,2652,2002,4,274,123,Active,,,https://www.redfin.com/VA/Woodbridge/13865-Palisades-St-22191/home/9401334,BRIGHT MLS,VAPW2078572,N,Y,38.6560406,-77.2371134
MLS Listing,,Townhouse,2507 Oak Tree Ln,Woodbridge,VA,22191,480000,3,2.5,RIVER OAKS,2236,1938,2006,4,215,96,Active,,,https://www.redfin.com/VA/Woodbridge/2507-Oak-Tree-Ln-22191/home/22015855,BRIGHT MLS,VAPW2078566,N,Y,38.5857644,-77.2896151
MLS Listing,,Single Family Residential,13489 Photo Dr,Woodbridge,VA,22193,570000,4,3,DALE CITY ADDITION,2513,8677,1987,4,227,,Pre On-Market,,,https://www.redfin.com/VA/Woodbridge/13489-Photo-Dr-22193/home/9226097,BRIGHT MLS,VAPW2078474,N,Y,38.6598959,-77.3817651
MLS Listing,,Single Family Residential,2341 W Longview Dr,Woodbridge,VA,22191,494927,3,2,MARUMSCO HILLS,1387,10010,1962,4,357,,Active,,,https://www.redfin.com/VA/Woodbridge/2341-W-Longview-Dr-22191/home/9148067,BRIGHT MLS,VAPW2073152,N,Y,38.6478594,-77.2768139
MLS Listing,,Single Family Residential,12219 Oakwood Dr,Woodbridge,VA,22192,615000,5,2.5,LAKE RIDGE,2194,11839,1972,4,280,73,Pre On-Market,,,https://www.redfin.com/VA/Woodbridge/12219-Oakwood-Dr-22192/home/9166836,BRIGHT MLS,VAPW2077750,N,Y,38.6905682,-77.2935766
MLS Listing,,Single Family Residential,1600 Renate Dr #204,Woodbridge,VA,22192,239950,2,1,OCCOQUAN RIDGE CONDO,883,,1968,4,272,661,Active,,,https://www.redfin.com/VA/Woodbridge/1600-Renate-Dr-22192/unit-204/home/22041800,BRIGHT MLS,VAPW2078536,N,Y,38.674831,-77.2624027
MLS Listing,,Townhouse,3493 Condor Ln,Woodbridge,VA,22192,450000,3,3,LAKE RIDGE,1983,1498,1986,4,227,83,Active,,,https://www.redfin.com/VA/Woodbridge/3493-Condor-Ln-22192/home/9237023,BRIGHT MLS,VAPW2078192,N,Y,38.6974872,-77.3151862
MLS Listing,,Single Family Residential,12857 Valleywood Dr,Woodbridge,VA,22192,729900,4,3.5,LAKE RIDGE,3387,15002,1985,4,216,71,Active,,,https://www.redfin.com/VA/Woodbridge/12857-Valleywood-Dr-22192/home/9233080,BRIGHT MLS,VAPW2078328,N,Y,38.6798652,-77.3073143
MLS Listing,,Townhouse,12384 Manchester Way,Woodbridge,VA,22192,465000,3,3.5,WESTRIDGE,2054,2613,1989,5,226,373,Active,,,https://www.redfin.com/VA/Woodbridge/12384-Manchester-Way-22192/home/9275146,BRIGHT MLS,VAPW2078442,N,Y,38.6871262,-77.3318959
MLS Listing,,Townhouse,15222 Wentwood Ln,Woodbridge,VA,22191,445000,3,2.5,WINSLOW CHASE,1600,1258,1992,5,278,96,Active,,,https://www.redfin.com/VA/Woodbridge/15222-Wentwood-Ln-22191/home/9323022,BRIGHT MLS,VAPW2078388,N,Y,38.623232,-77.275513
MLS Listing,,Single Family Residential,4719 Pearson Dr,Woodbridge,VA,22193,659000,4,3.5,PEARSONS LANDING,2746,16226,1998,5,240,11,Active,,,https://www.redfin.com/VA/Woodbridge/4719-Pearson-Dr-22193/home/9334858,BRIGHT MLS,VAPW2077566,N,Y,38.6477039,-77.3499464
MLS Listing,,Single Family Residential,14511 Silverdale Dr,Woodbridge,VA,22193,489990,3,2.5,DALE CITY,1908,8189,1983,5,257,,Active,,,https://www.redfin.com/VA/Woodbridge/14511-Silverdale-Dr-22193/home/9205289,BRIGHT MLS,VAPW2078298,N,Y,38.6377445,-77.3666414
MLS Listing,,Townhouse,1809 Old Post Ter,Woodbridge,VA,22191,439000,3,2.5,RIPPON LANDING,1724,1502,1978,5,255,123,Active,,,https://www.redfin.com/VA/Woodbridge/1809-Old-Post-Ter-22191/home/9194091,BRIGHT MLS,VAPW2078154,N,Y,38.6221769,-77.2712614
MLS Listing,,Single Family Residential,12926 Kingswell Dr,Woodbridge,VA,22193,475000,4,2,DALE CITY,1732,9025,1973,5,274,,Pre On-Market,September-7-2024 11:00 AM,September-7-2024 01:00 PM,https://www.redfin.com/VA/Woodbridge/12926-Kingswell-Dr-22193/home/9131719,BRIGHT MLS,VAPW2078528,N,Y,38.6714116,-77.3438671
MLS Listing,,Condo/Co-op,3814-#303 Clore Pl #303,Woodbridge,VA,22192,306000,2,2.5,LAKE RIDGE POINTE CONDO,1134,,1997,5,270,453,Active,,,https://www.redfin.com/VA/Woodbridge/3814-Clore-Pl-22192/unit-303/home/9347262,BRIGHT MLS,VAPW2078522,N,Y,38.698568,-77.32486
MLS Listing,,Single Family Residential,14368 Salsbury Ct,Woodbridge,VA,22193,490000,3,2.5,DALE CITY,1408,8712,1987,5,348,,Active,,,https://www.redfin.com/VA/Woodbridge/14368-Salsbury-Ct-22193/home/9372557,BRIGHT MLS,VAPW2076292,N,Y,38.6425863,-77.3762857
MLS Listing,,Single Family Residential,4941 Frishman Ct,Woodbridge,VA,22193,635000,4,3.5,CARDINAL ESTATES,3740,10467,1997,5,170,26,Pre On-Market,September-8-2024 01:00 PM,September-8-2024 03:00 PM,https://www.redfin.com/VA/Woodbridge/4941-Frishman-Ct-22193/home/9333477,BRIGHT MLS,VAPW2078230,N,Y,38.6366357,-77.3572088
MLS Listing,,Single Family Residential,2954 Spotted Eagle Ct,Woodbridge,VA,22191,980000,4,4.5,EAGLES POINTE,6219,11338,2013,5,158,138,Pre On-Market,,,https://www.redfin.com/VA/Woodbridge/2954-Spotted-Eagle-Ct-22191/home/55741179,BRIGHT MLS,VAPW2077652,N,Y,38.6052979,-77.3016279
MLS Listing,,Single Family Residential,13200 Valley Dr,Woodbridge,VA,22191,479900,4,2.5,MARUMSCO VILLAGE RESUB,1548,13277,1958,5,310,,Pre On-Market,,,https://www.redfin.com/VA/Woodbridge/13200-Valley-Dr-22191/home/9158101,BRIGHT MLS,VAPW2076262,N,Y,38.6665467,-77.2688799
MLS Listing,,Townhouse,15949 Canada Goose Loop,Woodbridge,VA,22191,500000,3,3,RIVERSIDE STATION,2406,1799,2006,5,208,120,Pre On-Market,,,https://www.redfin.com/VA/Woodbridge/15949-Canada-Goose-Loop-22191/home/9607175,BRIGHT MLS,VAPW2078330,N,Y,38.6092975,-77.2551397
MLS Listing,,Townhouse,4985 Lambsgate Ln,Woodbridge,VA,22193,435000,3,2.5,LOGAN WOODS,1895,1598,1990,5,230,90,Active,September-8-2024 12:00 PM,September-8-2024 03:00 PM,https://www.redfin.com/VA/Woodbridge/4985-Lambsgate-Ln-22193/home/9307450,BRIGHT MLS,VAPW2076576,N,Y,38.6469752,-77.3575868
MLS Listing,,Single Family Residential,11967 Cotton Mill Dr,Woodbridge,VA,22192,650000,4,3.5,LAKE RIDGE,2504,11800,1980,5,260,71,Pre On-Market,,,https://www.redfin.com/VA/Woodbridge/11967-Cotton-Mill-Dr-22192/home/9196348,BRIGHT MLS,VAPW2078168,N,Y,38.6921676,-77.3016859
MLS Listing,,Single Family Residential,4920 Lombard Ln,Woodbridge,VA,22193,499000,4,3,DALE CITY,1755,9077,1974,6,284,,Active,,,https://www.redfin.com/VA/Woodbridge/4920-Lombard-Ln-22193/home/9070186,BRIGHT MLS,VAPW2078274,N,Y,38.6567119,-77.3578328
MLS Listing,,Townhouse,1856 Heather Glen Ct,Woodbridge,VA,22191,395000,4,3.5,HEATHER GLEN,1902,1398,1988,6,208,95,Active,,,https://www.redfin.com/VA/Woodbridge/1856-Heather-Glen-Ct-22191/home/9266454,BRIGHT MLS,VAPW2078212,N,Y,38.6274922,-77.2680051
MLS Listing,,Single Family Residential,13430 Pinetree Dr,Woodbridge,VA,22191,425000,4,2.5,MARUMSCO VILLAGE,1278,10001,1959,6,333,,Active,,,https://www.redfin.com/VA/Woodbridge/13430-Pinetree-Dr-22191/home/9161384,BRIGHT MLS,VAPW2076720,N,Y,38.6606886,-77.2722244
MLS Listing,,Townhouse,12115 Presidio Way,Woodbridge,VA,22192,488000,3,3,LAKE RIDGE,2321,1437,1985,6,210,85,Active,,,https://www.redfin.com/VA/Woodbridge/12115-Presidio-Way-22192/home/9233911,BRIGHT MLS,VAPW2078366,N,Y,38.690577,-77.316778
MLS Listing,,Condo/Co-op,3834 Clore Pl #203,Woodbridge,VA,22192,325000,2,2.5,LAKE RIDGE POINTE CONDO,1134,,1995,6,287,452,Pre On-Market,,,https://www.redfin.com/VA/Woodbridge/3834-Clore-Pl-22192/unit-203/home/9304041,BRIGHT MLS,VAPW2077788,N,Y,38.698507,-77.325496
MLS Listing,,Single Family Residential,5164 Charles Ewell Ln,Woodbridge,VA,22193,799900,5,3.5,SALE PROPERTY,3385,11364,2011,6,236,55,Pre On-Market,,,https://www.redfin.com/VA/Woodbridge/5164-Charles-Ewell-Ln-22193/home/39980504,BRIGHT MLS,VAPW2078160,N,Y,38.634684,-77.3653628
MLS Listing,,Townhouse,15250 Lodge Ter,Woodbridge,VA,22191,455000,3,2.5,RIPPON LANDING,1742,1306,1980,6,261,123,Active,,,https://www.redfin.com/VA/Woodbridge/15250-Lodge-Ter-22191/home/9194366,BRIGHT MLS,VAPW2076890,N,Y,38.621547,-77.2695997
MLS Listing,,Single Family Residential,13326 Kirkdale Ct,Woodbridge,VA,22193,599000,4,3,DALE CITY,1906,8720,1973,6,314,,Active,,,https://www.redfin.com/VA/Woodbridge/13326-Kirkdale-Ct-22193/home/9133580,BRIGHT MLS,VAPW2078362,N,Y,38.663057,-77.3522889
MLS Listing,,Single Family Residential,3929 Spirea Ct,Woodbridge,VA,22193,799900,4,3.5,MEADOWS OF MINNIEVILLE,3147,20281,1995,7,254,33,Pre On-Market,,,https://www.redfin.com/VA/Woodbridge/3929-Spirea-Ct-22193/home/9301653,BRIGHT MLS,VAPW2078364,N,Y,38.6538541,-77.329603
MLS Listing,,Single Family Residential,15007 Concord Dr,Dale City,VA,22193,425000,3,1,DALE CITY,900,10010,1969,7,472,,Pre On-Market,,,https://www.redfin.com/VA/Woodbridge/15007-Concord-Dr-22193/home/9139158,BRIGHT MLS,VAPW2078358,N,Y,38.6273481,-77.3255549
MLS Listing,,Townhouse,2865 Bowes Ln,Woodbridge,VA,22193,449900,3,3.5,DALE CITY GIDEON SQUARE,1725,1598,1986,7,261,73,Pre On-Market,,,https://www.redfin.com/VA/Woodbridge/2865-Bowes-Ln-22193/home/9381627,BRIGHT MLS,VAPW2077962,N,Y,38.6371688,-77.301737
MLS Listing,,Townhouse,15511 Smoke Box Way,Woodbridge,VA,22191,495000,3,2.5,RIPPON LANDING CONDOMINIUM,1843,,2022,8,269,240,Active,,,https://www.redfin.com/VA/Woodbridge/15511-Smoke-Box-Way-22191/home/180070665,BRIGHT MLS,VAPW2077850,N,Y,38.6151622,-77.2559798
MLS Listing,,Single Family Residential,4313 Kentland Dr,Woodbridge,VA,22193,565900,5,3,DALE CITY,1711,9530,1973,8,331,,Active,,,https://www.redfin.com/VA/Woodbridge/4313-Kentland-Dr-22193/home/9132346,BRIGHT MLS,VAPW2078286,N,Y,38.6702162,-77.3359045
MLS Listing,,Townhouse,4028 Chetham Way,Woodbridge,VA,22192,415000,3,2.5,SOMERSET AT WESTRIDGE CONDO,1706,,1991,8,243,410,Pre On-Market,,,https://www.redfin.com/VA/Woodbridge/4028-Chetham-Way-22192/home/9288174,BRIGHT MLS,VAPW2078116,N,Y,38.681207,-77.328526
MLS Listing,,Townhouse,3019 Seminole Rd,Woodbridge,VA,22192,460000,3,3,LAKE RIDGE,1790,1598,1978,8,257,93,Pre On-Market,September-8-2024 01:00 PM,September-8-2024 03:00 PM,https://www.redfin.com/VA/Woodbridge/3019-Seminole-Rd-22192/home/9182397,BRIGHT MLS,VAPW2077960,N,Y,38.6858441,-77.3021183
MLS Listing,,Single Family Residential,13927 Andorra Dr,Woodbridge,VA,22193,790000,4,3.5,MEADOWS OF MINNIEVILLE,3302,19998,1994,8,239,33,Active,,,https://www.redfin.com/VA/Woodbridge/13927-Andorra-Dr-22193/home/9291378,BRIGHT MLS,VAPW2077364,N,Y,38.6511383,-77.3275292
MLS Listing,,Townhouse,3625 Woodhaven Ct,Woodbridge,VA,22192,395000,3,2.5,OLD BRIDGE ESTATES,1280,1598,1986,9,309,102,Active,,,https://www.redfin.com/VA/Woodbridge/3625-Woodhaven-Ct-22192/home/9257703,BRIGHT MLS,VAPW2078208,N,Y,38.6745226,-77.3203435
MLS Listing,,Townhouse,3318 Ladino Ct,Woodbridge,VA,22193,409900,3,2.5,BEAU RIDGE ESTATES,1412,2230,1989,10,290,75,Active,,,https://www.redfin.com/VA/Woodbridge/3318-Ladino-Ct-22193/home/9270885,BRIGHT MLS,VAPW2078182,N,Y,38.61236,-77.3134298
MLS Listing,,Single Family Residential,14502 Bakersfield St,Woodbridge,VA,22193,340000,3,1.5,DALE CITY RESUB,910,10824,1967,10,374,,Pre On-Market,,,https://www.redfin.com/VA/Woodbridge/14502-Bakersfield-St-22193/home/9141341,BRIGHT MLS,VAPW2078144,N,Y,38.6380834,-77.3185616
MLS Listing,,Townhouse,14863 Cloverdale Rd,Woodbridge,VA,22193,450000,3,2.5,HAMPTON SQUARE CONDOMINIUM,2481,,2008,11,181,355,Active,,,https://www.redfin.com/VA/Woodbridge/14863-Cloverdale-Rd-22193/home/22857458,BRIGHT MLS,VAPW2078072,N,Y,38.629294,-77.322787
MLS Listing,,Townhouse,12942 Augustus Ct,Woodbridge,VA,22192,489900,3,3.5,OLD BRIDGE ESTATES,1820,1598,1992,11,269,102,Active,,,https://www.redfin.com/VA/Woodbridge/12942-Augustus-Ct-22192/home/9310672,BRIGHT MLS,VAPW2076704,N,Y,38.6723436,-77.3294006
MLS Listing,,Single Family Residential,5686 Northton Ct,Woodbridge,VA,22193,699900,4,3.5,DALE CITY,3324,9661,2004,11,211,,Pre On-Market,,,https://www.redfin.com/VA/Woodbridge/5686-Northton-Ct-22193/home/9413375,BRIGHT MLS,VAPW2078150,N,Y,38.661205,-77.3751679
MLS Listing,,Single Family Residential,13704 Lynhurst Dr,Woodbridge,VA,22193,515000,5,2,DALE CITY,1726,9487,1975,11,298,,Active,,,https://www.redfin.com/VA/Woodbridge/13704-Lynhurst-Dr-22193/home/9071206,BRIGHT MLS,VAPW2078112,N,Y,38.655573,-77.361104
MLS Listing,,Townhouse,3357 Esquarre Ct,Woodbridge,VA,22193,450000,3,2.5,BEAU RIDGE ESTATES,1662,1441,1992,11,271,74,Active,,,https://www.redfin.com/VA/Woodbridge/3357-Esquarre-Ct-22193/home/9270638,BRIGHT MLS,VAPW2078098,N,Y,38.6132291,-77.3146305
MLS Listing,,Single Family Residential,3214 Fledgling Cir,Woodbridge,VA,22193,799900,4,3.5,CARDINAL GROVE AT EAGLES POINTE,2690,10585,2016,12,297,138,Active,,,https://www.redfin.com/VA/Woodbridge/3214-Fledgling-Cir-22193/home/144124825,BRIGHT MLS,VAPW2077872,N,Y,38.6108979,-77.3067169
MLS Listing,,Townhouse,4116 Ferrara Ter,Woodbridge,VA,22193,379950,3,1.5,DALE CITY,1332,1441,1974,12,285,105,Active,,,https://www.redfin.com/VA/Woodbridge/4116-Ferrara-Ter-22193/home/9134793,BRIGHT MLS,VAPW2078034,N,Y,38.6392319,-77.3335074
MLS Listing,,Townhouse,5274 Miles Ct,Woodbridge,VA,22193,415000,3,2.5,DALE CITY,1368,5641,1980,12,303,,Active,,,https://www.redfin.com/VA/Woodbridge/5274-Miles-Ct-22193/home/9373653,BRIGHT MLS,VAPW2078052,N,Y,38.6469238,-77.3658314
MLS Listing,,Single Family Residential,14801 Alabama Ave,Woodbridge,VA,22191,479900,4,2,MARUMSCO WOODS,1281,10010,1964,12,375,,Active,,,https://www.redfin.com/VA/Woodbridge/14801-Alabama-Ave-22191/home/9091224,BRIGHT MLS,VAPW2078046,N,Y,38.6318012,-77.2639996
MLS Listing,,Single Family Residential,13511 Kelmont Ct,Woodbridge,VA,22193,515000,4,2.5,DALE CITY,1818,8999,1973,12,283,,Active,,,https://www.redfin.com/VA/Woodbridge/13511-Kelmont-Ct-22193/home/9133907,BRIGHT MLS,VAPW2077830,N,Y,38.6635283,-77.34972
MLS Listing,,Townhouse,17016 Beveridge Dr,Dumfries,VA,22026,475000,3,2.5,RESIDENCES AT CHERRY HILL CROSSING,2398,,2015,12,198,289,Active,,,https://www.redfin.com/VA/Dumfries/17016-Beveridge-Dr-22026/home/113159934,BRIGHT MLS,VAPW2077584,N,Y,38.582862,-77.305334
MLS Listing,,Townhouse,14813 Anderson Ct,Woodbridge,VA,22193,429900,3,2.5,DALE CITY,1940,1515,1969,12,222,51,Active,,,https://www.redfin.com/VA/Woodbridge/14813-Anderson-Ct-22193/home/9141370,BRIGHT MLS,VAPW2077206,N,Y,38.6314059,-77.3076767
MLS Listing,,Single Family Residential,12177 Darnley Rd,Woodbridge,VA,22192,874900,5,3.5,WESTRIDGE,4764,14819,1988,12,184,92,Active,,,https://www.redfin.com/VA/Woodbridge/12177-Darnley-Rd-22192/home/9260060,BRIGHT MLS,VAPW2077648,N,Y,38.692606,-77.3339439
MLS Listing,,Single Family Residential,2402 Sagamore Ct,Woodbridge,VA,22192,530000,3,2,LAKE RIDGE,1822,12475,1972,13,291,,Active,,,https://www.redfin.com/VA/Woodbridge/2402-Sagamore-Ct-22192/home/9164055,BRIGHT MLS,VAPW2077678,N,Y,38.6724034,-77.2839618
MLS Listing,,Single Family Residential,14189 Mapledale Ave,Woodbridge,VA,22193,520000,5,2,DALE CITY,1834,12292,1983,13,284,,Active,,,https://www.redfin.com/VA/Woodbridge/14189-Mapledale-Ave-22193/home/9202890,BRIGHT MLS,VAPW2071568,N,Y,38.647328,-77.3649261
MLS Listing,,Single Family Residential,16825 Tidewater Ct,Woodbridge,VA,22191,775000,4,3.5,POWELLS LANDING,4254,10737,2002,13,182,125,Active,,,https://www.redfin.com/VA/Woodbridge/16825-Tidewater-Ct-22191/home/9388389,BRIGHT MLS,VAPW2077664,N,Y,38.5957766,-77.2711133
MLS Listing,,Townhouse,4127 Ferrara Ter,Woodbridge,VA,22193,409900,3,2.5,DALE CITY,1796,1441,1974,13,228,105,Active,,,https://www.redfin.com/VA/Woodbridge/4127-Ferrara-Ter-22193/home/9134901,BRIGHT MLS,VAPW2077934,N,Y,38.6387143,-77.3334262
MLS Listing,,Townhouse,4841 Dane Ridge Cir,Woodbridge,VA,22193,423000,3,2.5,DANE RIDGE CONDO,1614,,2015,13,262,227,Active,,,https://www.redfin.com/VA/Woodbridge/4841-Dane-Ridge-Cir-22193/home/113159453,BRIGHT MLS,VAPW2076420,N,Y,38.636981,-77.348968
MLS Listing,,Townhouse,12972 Augustus Ct,Woodbridge,VA,22192,515000,3,3.5,OLD BRIDGE ESTATES,1580,2487,1993,13,326,80,Active,,,https://www.redfin.com/VA/Woodbridge/12972-Augustus-Ct-22192/home/9310733,BRIGHT MLS,VAPW2077620,N,Y,38.6720081,-77.3286589
MLS Listing,,Condo/Co-op,2822 Chablis Cir,Woodbridge,VA,22192,249990,2,1,ROCKLEDGE CLUSTERS CONDO,871,,1977,13,287,353,Active,,,https://www.redfin.com/VA/Woodbridge/2822-Chablis-Cir-22192/home/9383245,BRIGHT MLS,VAPW2077878,N,Y,38.687849,-77.2961459
MLS Listing,,Townhouse,15300 Ballerina Loop,Woodbridge,VA,22193,685000,4,3.5,BRIGHTWOOD FOREST,2406,4098,2022,13,285,89,Pre On-Market,September-7-2024 12:30 PM,September-7-2024 03:00 PM,https://www.redfin.com/VA/Woodbridge/15300-Ballerina-Loop-22193/home/173152985,BRIGHT MLS,VAPW2077946,N,Y,38.6226578,-77.3093808
MLS Listing,,Townhouse,2082 Pilgrim Dr,Woodbridge,VA,22192,490000,3,3,LAKE RIDGE,1914,1572,1972,13,256,85,Active,,,https://www.redfin.com/VA/Woodbridge/2082-Pilgrim-Dr-22192/home/9165433,BRIGHT MLS,VAPW2077326,N,Y,38.6825078,-77.2758529
MLS Listing,,Condo/Co-op,12715 Gordon Blvd #105,Woodbridge,VA,22192,313000,2,2,MOORINGS OF OCCOQUAN CONDO,1014,,1965,13,309,475,Pre On-Market,,,https://www.redfin.com/VA/Woodbridge/12715-Gordon-Blvd-22192/unit-105/home/22849619,BRIGHT MLS,VAPW2077940,N,Y,38.6775065,-77.2549605
MLS Listing,,Townhouse,16539 Sherwood Pl,Woodbridge,VA,22191,420000,4,2.5,VILLAGE GATE,1846,1332,1972,13,228,62,Pre On-Market,September-14-2024 12:00 PM,September-14-2024 04:00 PM,https://www.redfin.com/VA/Woodbridge/16539-Sherwood-Pl-22191/home/9081697,BRIGHT MLS,VAPW2077952,N,Y,38.5926148,-77.2990677
MLS Listing,,Single Family Residential,4505 Dale Blvd,Woodbridge,VA,22193,500000,3,3,DALE CITY,1854,9313,1972,14,270,,Active,,,https://www.redfin.com/VA/Woodbridge/4505-Dale-Blvd-22193/home/9377640,BRIGHT MLS,VAPW2077908,N,Y,38.6560788,-77.3423283
MLS Listing,,Single Family Residential,1496 Meridian Ct,Woodbridge,VA,22191,529900,5,3,MARUMSCO ACRES,2031,10911,1963,14,261,,Pre On-Market,,,https://www.redfin.com/VA/Woodbridge/1496-Meridian-Ct-22191/home/9147436,BRIGHT MLS,VAPW2077862,N,Y,38.63942,-77.2600109
MLS Listing,,Single Family Residential,2916 Woodburn Ct,Woodbridge,VA,22192,564900,3,2,LAKE RIDGE,1601,10267,1978,14,353,71,Active,,,https://www.redfin.com/VA/Woodbridge/2916-Woodburn-Ct-22192/home/9196027,BRIGHT MLS,VAPW2077866,N,Y,38.6878959,-77.3000203
MLS Listing,,Townhouse,14700 Hackwood St,Woodbridge,VA,22191,265000,3,1.5,WILLOWBROOK,1170,1276,1972,15,226,98,Active,,,https://www.redfin.com/VA/Woodbridge/14700-Hackwood-St-22191/home/9152634,BRIGHT MLS,VAPW2077812,N,Y,38.6335665,-77.2553653
MLS Listing,,Townhouse,16717 Capon Tree Ln,Woodbridge,VA,22191,414600,3,3.5,RIVER OAKS,2154,2487,1994,15,192,119,Active,,,https://www.redfin.com/VA/Woodbridge/16717-Capon-Tree-Ln-22191/home/9311946,BRIGHT MLS,VAPW2077762,N,Y,38.5887952,-77.2948702
MLS Listing,,Townhouse,16351 Gangplank Ln,Woodbridge,VA,22191,600000,3,3.5,PORT POTOMAC,3108,3767,2007,17,193,194,Active,,,https://www.redfin.com/VA/Woodbridge/16351-Gangplank-Ln-22191/home/21498000,BRIGHT MLS,VAPW2077516,N,Y,38.5979337,-77.2930944
MLS Listing,,Single Family Residential,16472 Hayes Ln,Woodbridge,VA,22191,825000,4,3.5,POWELLS LANDING,5444,10720,2002,17,152,125,Active,September-8-2024 01:00 PM,September-8-2024 04:00 PM,https://www.redfin.com/VA/Woodbridge/16472-Hayes-Ln-22191/home/9400944,BRIGHT MLS,VAPW2077742,N,Y,38.5954574,-77.2680082
MLS Listing,,Single Family Residential,4420 Tuscany Ct,Woodbridge,VA,22192,995000,4,4.5,BEAVER CREEK,4944,9570,2003,17,201,129,Active,,,https://www.redfin.com/VA/Woodbridge/4420-Tuscany-Ct-22192/home/9414832,BRIGHT MLS,VAPW2077432,N,Y,38.6954045,-77.3407585
MLS Listing,,Single Family Residential,17024 Takeaway Ln,Dumfries,VA,22026,899000,5,3.5,HARBOR STATION,4594,5776,2014,18,196,180,Pre On-Market,,,https://www.redfin.com/VA/Dumfries/17024-Takeaway-Ln-22026/home/55053121,BRIGHT MLS,VAPW2077518,N,Y,38.5794064,-77.2898957
MLS Listing,,Townhouse,3519 Bath Ct,Woodbridge,VA,22193,390000,3,1.5,DALE CITY,1284,2631,1971,18,304,58,Active,,,https://www.redfin.com/VA/Woodbridge/3519-Bath-Ct-22193/home/9142975,BRIGHT MLS,VAPW2077694,N,Y,38.6377611,-77.317078
MLS Listing,,Townhouse,2606 Neabsco Common Pl,Woodbridge,VA,22191,499900,3,2.5,Woodbridge,1500,,2024,18,333,308,Active,,,https://www.redfin.com/VA/Woodbridge/2606-Neabsco-Common-Pl-22191/home/189800591,BRIGHT MLS,VAPW2077692,N,Y,38.6246658,-77.2918413
MLS Listing,,Single Family Residential,12705 Valleywood Dr,Woodbridge,VA,22192,525000,3,2.5,LAKE RIDGE,2176,5698,1973,19,241,43,Active,,,https://www.redfin.com/VA/Woodbridge/12705-Valleywood-Dr-22192/home/9167518,BRIGHT MLS,VAPW2076652,N,Y,38.6765943,-77.2999171
MLS Listing,,Condo/Co-op,12701 Gordon Blvd #14,Woodbridge,VA,22192,225000,1,1,MOORINGS OF OCCOQUAN CONDO,804,,1965,19,280,397,Active,,,https://www.redfin.com/VA/Woodbridge/12701-Gordon-Blvd-22192/unit-14/home/23411650,BRIGHT MLS,VAPW2077640,N,Y,38.677749,-77.256296
MLS Listing,,Single Family Residential,5254 Quebec Pl,Woodbridge,VA,22193,750000,5,3.5,DALE CITY,2947,34813,1996,19,254,,Pre On-Market,,,https://www.redfin.com/VA/Woodbridge/5254-Quebec-Pl-22193/home/9220213,BRIGHT MLS,VAPW2076350,N,Y,38.6665834,-77.3651247
MLS Listing,,Townhouse,3047 Seminole Rd,Woodbridge,VA,22192,465000,3,3,LAKE RIDGE,1802,1598,1978,19,258,85,Active,,,https://www.redfin.com/VA/Woodbridge/3047-Seminole-Rd-22192/home/9182355,BRIGHT MLS,VAPW2076546,N,Y,38.686344,-77.303095
MLS Listing,,Single Family Residential,15108 Calexico Ln,Woodbridge,VA,22193,549900,4,2,DALE CITY,1935,9387,1968,19,284,,Active,,,https://www.redfin.com/VA/Woodbridge/15108-Calexico-Ln-22193/home/9142228,BRIGHT MLS,VAPW2077550,N,Y,38.6242404,-77.3263954
MLS Listing,,Single Family Residential,3685 Hetten Ln,Woodbridge,VA,22193,749900,5,3.5,ASCOT WOODS,3677,15890,1992,19,204,50,Active,,,https://www.redfin.com/VA/Woodbridge/3685-Hetten-Ln-22193/home/9314127,BRIGHT MLS,VAPW2077188,N,Y,38.6112982,-77.3220906
MLS Listing,,Townhouse,3835 Wagon Wheel Ln,Woodbridge,VA,22192,515000,3,3.5,OLD BRIDGE ESTATES,1985,2548,1988,19,259,102,Pre On-Market,,,https://www.redfin.com/VA/Woodbridge/3835-Wagon-Wheel-Ln-22192/home/9261257,BRIGHT MLS,VAPW2077124,N,Y,38.6731395,-77.321497
MLS Listing,,Townhouse,16611 Georgetown Rd,Woodbridge,VA,22191,430000,4,2,VILLAGE GATE,1844,1350,1972,19,233,62,Active,,,https://www.redfin.com/VA/Woodbridge/16611-Georgetown-Rd-22191/home/9080970,BRIGHT MLS,VAPW2077542,N,Y,38.5923709,-77.3012404
MLS Listing,,Single Family Residential,15440 Leeds Hill Way,Woodbridge,VA,22191,689000,4,4.5,RIPPON LANDING,3589,4791,2005,20,192,90,Active,,,https://www.redfin.com/VA/Woodbridge/15440-Leeds-Hill-Way-22191/home/9596787,BRIGHT MLS,VAPW2077334,N,Y,38.6169121,-77.2683763
MLS Listing,,Single Family Residential,15410 Wicker Ct,Woodbridge,VA,22193,760000,5,4.5,DALE CITY,3186,27094,1993,20,239,42,Active,,,https://www.redfin.com/VA/Woodbridge/15410-Wicker-Ct-22193/home/9216740,BRIGHT MLS,VAPW2077540,N,Y,38.6177518,-77.3246126
MLS Listing,,Townhouse,2591 Eastbourne Dr,Woodbridge,VA,22191,470000,3,2.5,POTOMAC CLUB,2502,,2009,20,188,462,Active,,,https://www.redfin.com/VA/Woodbridge/2591-Eastbourne-Dr-22191/home/39984358,BRIGHT MLS,VAPW2077486,N,Y,38.6285023,-77.2831579
MLS Listing,,Townhouse,16819 Nuttal Oak Pl,Woodbridge,VA,22191,460000,3,2.5,RIVER OAKS,2207,,2007,20,208,327,Active,,,https://www.redfin.com/VA/Woodbridge/16819-Nuttal-Oak-Pl-22191/home/21496825,BRIGHT MLS,VAPW2077408,N,Y,38.587304,-77.301056
MLS Listing,,Single Family Residential,3517 Bath Ct,Woodbridge,VA,22193,371000,3,1.5,DALE CITY,1224,1533,1971,20,303,60,Active,,,https://www.redfin.com/VA/Woodbridge/3517-Bath-Ct-22193/home/9142970,BRIGHT MLS,VAPW2077522,N,Y,38.637772,-77.3169922
MLS Listing,,Single Family Residential,3064 Shagwood Ct,Woodbridge,VA,22192,625000,5,3.5,PROMONTORY OAKS LAKE RIDGE,2536,10667,1980,20,246,72,Pre On-Market,,,https://www.redfin.com/VA/Woodbridge/3064-Shagwood-Ct-22192/home/9206745,BRIGHT MLS,VAPW2077508,N,Y,38.6944323,-77.3024162
MLS Listing,,Single Family Residential,1664 Georges Knoll Ct,Woodbridge,VA,22192,920000,7,5.5,GEORGES ESTATES,3705,16008,2007,20,248,95,Active,,,https://www.redfin.com/VA/Woodbridge/1664-Georges-Knoll-Ct-22192/home/21497868,BRIGHT MLS,VAPW2077372,N,Y,38.6720276,-77.2644797
MLS Listing,,Condo/Co-op,1531 Colonial Dr #302,Woodbridge,VA,22192,243000,2,1.5,RIVER TERRACE CONDO,977,,1968,20,249,450,Active,,,https://www.redfin.com/VA/Woodbridge/1531-Colonial-Dr-22192/unit-302/home/9287406,BRIGHT MLS,VAPW2077354,N,Y,38.6775737,-77.2617814
MLS Listing,,Single Family Residential,5444 Lavender Ln,Woodbridge,VA,22193,799990,5,4,MIAS MEADOW,2492,11111,2024,21,321,127,Active,,,https://www.redfin.com/VA/Woodbridge/5444-Lavender-Ln-22193/home/173150900,BRIGHT MLS,VAPW2077406,N,Y,38.631187,-77.370029
MLS Listing,,Townhouse,14888 Hyatt Pl,Woodbridge,VA,22191,449000,4,3.5,HEATHER GLEN,1923,1398,1987,22,233,95,Active,,,https://www.redfin.com/VA/Woodbridge/14888-Hyatt-Pl-22191/home/9266643,BRIGHT MLS,VAPW2076952,N,Y,38.6284991,-77.2704873
MLS Listing,,Single Family Residential,12916 Valleywood Dr,Woodbridge,VA,22192,529900,4,3,LAKE RIDGE,1902,10777,1985,22,279,65,Active,,,https://www.redfin.com/VA/Woodbridge/12916-Valleywood-Dr-22192/home/9226790,BRIGHT MLS,VAPW2074192,N,Y,38.6831223,-77.3104772
MLS Listing,,Townhouse,4604 Telfair Ct,Woodbridge,VA,22193,437900,3,2.5,GREENWOOD FARM,1216,1520,1977,24,360,82,Active,,,https://www.redfin.com/VA/Woodbridge/4604-Telfair-Ct-22193/home/9187999,BRIGHT MLS,VAPW2076048,N,Y,38.6395452,-77.3490224
MLS Listing,,Single Family Residential,1504 Aiden Dr,Woodbridge,VA,22191,499000,4,2,MARUMSCO ACRES,1936,13325,1961,24,258,,Active,,,https://www.redfin.com/VA/Woodbridge/1504-Aiden-Dr-22191/home/9150252,BRIGHT MLS,VAPW2076836,N,Y,38.6433313,-77.2606933
MLS Listing,,Townhouse,14824 Anderson Ct,Woodbridge,VA,22193,417000,3,1.5,DALE CITY,1789,1459,1969,24,233,44,Active,,,https://www.redfin.com/VA/Woodbridge/14824-Anderson-Ct-22193/home/9136152,BRIGHT MLS,VAPW2077096,N,Y,38.6314367,-77.3083673
MLS Listing,,Single Family Residential,13919 Gum Ln,Woodbridge,VA,22193,499900,5,2,DALE CITY,1310,13068,1970,25,382,,Active,,,https://www.redfin.com/VA/Woodbridge/13919-Gum-Ln-22193/home/9127101,BRIGHT MLS,VAPW2077224,N,Y,38.6505659,-77.3377014
MLS Listing,,Townhouse,2901 Stockholm Way,Woodbridge,VA,22191,535000,3,3,MARKHAMS GRANT,2380,1759,2003,26,225,103,Active,,,https://www.redfin.com/VA/Woodbridge/2901-Stockholm-Way-22191/home/9404818,BRIGHT MLS,VAPW2077228,N,Y,38.611116,-77.29934
MLS Listing,,Townhouse,1958 Fountainbrook Ct,Woodbridge,VA,22192,459500,3,3.5,ROLLING BROOK,1624,1542,1981,26,283,103,Active,,,https://www.redfin.com/VA/Woodbridge/1958-Fountainbrook-Ct-22192/home/9212004,BRIGHT MLS,VAPW2074002,N,Y,38.6759532,-77.2719931
MLS Listing,,Single Family Residential,15926 Donald Curtis Dr,Woodbridge,VA,22191,525000,6,3.5,GARFIELD ESTATES,1872,15699,1952,26,280,,Active,,,https://www.redfin.com/VA/Woodbridge/15926-Donald-Curtis-Dr-22191/home/9380676,BRIGHT MLS,VAPW2077048,N,Y,38.6069449,-77.2964215
MLS Listing,,Single Family Residential,11611 Leewood Ct,Woodbridge,VA,22192,600000,3,3.5,LAKE RIDGE,2640,7405,1985,26,227,71,Active,,,https://www.redfin.com/VA/Woodbridge/11611-Leewood-Ct-22192/home/9239453,BRIGHT MLS,VAPW2076708,N,Y,38.7032923,-77.306589
MLS Listing,,Single Family Residential,5021 Linfield Dr,Woodbridge,VA,22193,489000,3,2,DALE CITY,1726,13960,1975,26,283,,Active,,,https://www.redfin.com/VA/Woodbridge/5021-Linfield-Dr-22193/home/9071691,BRIGHT MLS,VAPW2076932,N,Y,38.6583284,-77.3615722
MLS Listing,,Single Family Residential,12737 Effie Rose Pl,Woodbridge,VA,22192,799000,4,3,REIDS PROSPECT,3445,5519,2013,26,232,95,Active,,,https://www.redfin.com/VA/Woodbridge/12737-Effie-Rose-Pl-22192/home/49669008,BRIGHT MLS,VAPW2076672,N,Y,38.6776381,-77.3407087
MLS Listing,,Townhouse,15125 Catalpa Ct,Woodbridge,VA,22193,430000,3,3,DALE CITY,1734,1598,1989,27,248,94,Active,,,https://www.redfin.com/VA/Woodbridge/15125-Catalpa-Ct-22193/home/9252749,BRIGHT MLS,VAPW2076916,N,Y,38.6266111,-77.3150103
MLS Listing,,Single Family Residential,5638 Northton Ct,Woodbridge,VA,22193,759000,5,3.5,DALE CITY,3916,9108,2004,27,194,,Active,,,https://www.redfin.com/VA/Woodbridge/5638-Northton-Ct-22193/home/9413318,BRIGHT MLS,VAPW2076514,N,Y,38.6599239,-77.375681
MLS Listing,,Condo/Co-op,15595 Horseshoe Ln #595,Woodbridge,VA,22191,310000,3,2,HIGHPOINTE AT RIPPON LANDING CONDO,1000,,1986,27,310,376,Active,,,https://www.redfin.com/VA/Woodbridge/15595-Horseshoe-Ln-22191/unit-595/home/168940484,BRIGHT MLS,VAPW2076622,N,Y,38.615429,-77.282165
MLS Listing,,Townhouse,12155 Salemtown Dr,Woodbridge,VA,22192,365000,2,1.5,LAKE RIDGE,1627,936,1988,27,224,43,Active,,,https://www.redfin.com/VA/Woodbridge/12155-Salemtown-Dr-22192/home/9266091,BRIGHT MLS,VAPW2077128,N,Y,38.69148,-77.3261349
MLS Listing,,Townhouse,16833 Brandy Moor Loop,Woodbridge,VA,22191,439900,3,2.5,RIVER OAKS,1706,1528,1995,27,258,119,Active,,,https://www.redfin.com/VA/Woodbridge/16833-Brandy-Moor-Loop-22191/home/9294281,BRIGHT MLS,VAPW2076570,N,Y,38.5889659,-77.291717
MLS Listing,,Condo/Co-op,1030 Gardenview Loop #203,Woodbridge,VA,22191,325000,2,2,SUMMERHOUSE CONDO,1110,,1994,27,293,421,Active,,,https://www.redfin.com/VA/Woodbridge/1030-Gardenview-Loop-22191/unit-203/home/191720593,BRIGHT MLS,VAPW2075950,N,Y,38.657001,-77.2718735
MLS Listing,,Single Family Residential,13808 Gilbert Rd,Woodbridge,VA,22193,530000,4,3,DALE CITY,1679,7766,1971,28,316,,Active,,,https://www.redfin.com/VA/Woodbridge/13808-Gilbert-Rd-22193/home/9377626,BRIGHT MLS,VAPW2075686,N,Y,38.6520321,-77.3408906
MLS Listing,,Townhouse,3216 Birchdale Sq,Woodbridge,VA,22193,419900,3,3.5,DALE CITY,2010,1459,1968,28,209,52,Active,,,https://www.redfin.com/VA/Woodbridge/3216-Birchdale-Sq-22193/home/9141638,BRIGHT MLS,VAPW2075102,N,Y,38.6290949,-77.3096656
MLS Listing,,Single Family Residential,5613 Minnie Ct,Woodbridge,VA,22193,850000,6,5.5,THE MEADOWS AT BARNES CROSSING,4509,7958,2012,29,189,128,Active,,,https://www.redfin.com/VA/Woodbridge/5613-Minnie-Ct-22193/home/40859322,BRIGHT MLS,VAPW2075666,N,Y,38.6299111,-77.3754363
MLS Listing,,Single Family Residential,1407 Idaho St,Woodbridge,VA,22191,505000,5,2.5,MARUMSCO WOODS,1895,13460,1965,29,266,,Active,,,https://www.redfin.com/VA/Woodbridge/1407-Idaho-St-22191/home/9090164,BRIGHT MLS,VAPW2076976,N,Y,38.6203894,-77.2581794
MLS Listing,,Townhouse,12176 Springwoods Dr,Woodbridge,VA,22192,370000,2,1.5,LAKE RIDGE,1615,936,1987,30,229,81,Active,,,https://www.redfin.com/VA/Woodbridge/12176-Springwoods-Dr-22192/home/9379095,BRIGHT MLS,VAPW2076946,N,Y,38.6905297,-77.3249869
MLS Listing,,Townhouse,3005 Creel Ct,Woodbridge,VA,22192,475000,3,2.5,LAKE RIDGE,1802,1598,1977,30,264,85,Active,,,https://www.redfin.com/VA/Woodbridge/3005-Creel-Ct-22192/home/9383045,BRIGHT MLS,VAPW2076810,N,Y,38.6868002,-77.3012036
MLS Listing,,Single Family Residential,3380 Chelsea Dr,Woodbridge,VA,22192,555900,3,1.5,ROLLINGWOOD VILLAGE,1357,21684,1984,30,410,58,Active,,,https://www.redfin.com/VA/Woodbridge/3380-Chelsea-Dr-22192/home/9227789,BRIGHT MLS,VAPW2076382,N,Y,38.6559872,-77.3112191
MLS Listing,,Townhouse,2920 Stockholm Way,Woodbridge,VA,22191,519000,3,3,MARKHAMS GRANT,2428,1760,2003,30,214,103,Active,,,https://www.redfin.com/VA/Woodbridge/2920-Stockholm-Way-22191/home/9405002,BRIGHT MLS,VAPW2076484,N,Y,38.6116447,-77.2987851
MLS Listing,,Single Family Residential,13228 Kurtz Rd,Woodbridge,VA,22193,509998,4,3,DALE CITY,1902,8999,1974,32,268,,Active,,,https://www.redfin.com/VA/Woodbridge/13228-Kurtz-Rd-22193/home/9134523,BRIGHT MLS,VAPW2076060,N,Y,38.6680037,-77.352466
MLS Listing,,Townhouse,5080 Dimples Ct,Woodbridge,VA,22192,699900,3,3,APOLLO RESIDENTIAL,2840,3393,2020,32,246,124,Active,,,https://www.redfin.com/VA/Woodbridge/5080-Dimples-Ct-22192/home/169892383,BRIGHT MLS,VAPW2076364,N,Y,38.6761115,-77.3599831
MLS Listing,,Townhouse,4107 Hampstead Ln,Woodbridge,VA,22192,499900,3,3.5,WESTRIDGE,1860,1598,1988,32,269,125,Active,,,https://www.redfin.com/VA/Woodbridge/4107-Hampstead-Ln-22192/home/9260768,BRIGHT MLS,VAPW2073718,N,Y,38.6862109,-77.3325732
MLS Listing,,Single Family Residential,4314 Kenwood Dr,Woodbridge,VA,22193,499900,3,2,DALE CITY,1475,7971,1972,32,339,,Active,,,https://www.redfin.com/VA/Woodbridge/4314-Kenwood-Dr-22193/home/9130535,BRIGHT MLS,VAPW2076608,N,Y,38.6696779,-77.3359339
MLS Listing,,Townhouse,3523 Legere Ct,Woodbridge,VA,22193,450000,3,2.5,BEAU RIDGE ESTATES,1412,2230,1988,33,319,74,Active,,,https://www.redfin.com/VA/Woodbridge/3523-Legere-Ct-22193/home/9270191,BRIGHT MLS,VAPW2075984,N,Y,38.6149205,-77.3171848
MLS Listing,,Single Family Residential,14444 Meridian Dr,Woodbridge,VA,22191,464900,3,2,MARUMSCO ACRES,991,10010,1963,33,469,,Active,,,https://www.redfin.com/VA/Woodbridge/14444-Meridian-Dr-22191/home/9151002,BRIGHT MLS,VAPW2075346,N,Y,38.637736,-77.2545327
MLS Listing,,Single Family Residential,5516 Davis Ford Rd,Woodbridge,VA,22192,875000,5,3.5,OCCOQUAN OAKS,3964,130702,1985,33,221,,Active,,,https://www.redfin.com/VA/Woodbridge/5516-Davis-Ford-Rd-22192/home/9374170,BRIGHT MLS,VAPW2076658,N,Y,38.6985436,-77.3742781
MLS Listing,,Single Family Residential,13102 Nottingdale Dr,Woodbridge,VA,22193,555000,4,3,DALE CITY,1920,10598,1979,33,289,65,Pre On-Market,,,https://www.redfin.com/VA/Woodbridge/13102-Nottingdale-Dr-22193/home/9185705,BRIGHT MLS,VAPW2076758,N,Y,38.6690385,-77.3764379
MLS Listing,,Townhouse,675 Belmont Bay Dr,Woodbridge,VA,22191,699900,4,3.5,BEACON PARK TOWNS AT BELMONT BAY,2152,2151,2021,34,325,120,Active,September-8-2024 01:00 PM,September-8-2024 04:00 PM,https://www.redfin.com/VA/Woodbridge/675-Belmont-Bay-Dr-22191/home/177826903,BRIGHT MLS,VAPW2075034,N,Y,38.6535491,-77.2360103
MLS Listing,,Townhouse,3822 Koval Ln,Woodbridge,VA,22192,565000,3,3.5,RIDGELEIGH,2319,1498,1999,34,244,90,Active,,,https://www.redfin.com/VA/Woodbridge/3822-Koval-Ln-22192/home/9331254,BRIGHT MLS,VAPW2075746,N,Y,38.6998573,-77.3235469
MLS Listing,,Condo/Co-op,12701 Dara Dr Unit T-3,Woodbridge,VA,22192,205000,1,1,OCCOQUAN RIDGE CONDO,722,,1968,34,284,517,Active,,,https://www.redfin.com/VA/Woodbridge/12701-Dara-Dr-22192/unit-T3/home/22850384,BRIGHT MLS,VAPW2073866,N,Y,38.6763656,-77.2621707
MLS Listing,,Single Family Residential,13386 Packard Dr,Woodbridge,VA,22193,549900,4,2.5,DALE CITY,1837,9583,1986,34,299,,Active,,,https://www.redfin.com/VA/Woodbridge/13386-Packard-Dr-22193/home/9200687,BRIGHT MLS,VAPW2076680,N,Y,38.664312,-77.3847029
MLS Listing,,Vacant Land,14110 Telegraph Rd,Woodbridge,VA,22192,1400000,,,EDWIN W LYNCH,,96764,,39,,,Active,,,https://www.redfin.com/VA/Woodbridge/14110-Telegraph-Rd-22192/home/28623637,BRIGHT MLS,VAPW2076416,N,Y,38.64664,-77.289483
MLS Listing,,Single Family Residential,5663 Neddleton Ave,Woodbridge,VA,22193,695000,4,3.5,DALE CITY,2996,18099,1979,39,232,,Active,,,https://www.redfin.com/VA/Woodbridge/5663-Neddleton-Ave-22193/home/9185679,BRIGHT MLS,VAPW2073050,N,Y,38.668765,-77.378023
MLS Listing,,Condo/Co-op,1641 Ladue Ct #107,Woodbridge,VA,22191,419900,2,2,POTOMAC POINTE CONDO,1688,,2005,41,249,508,Active,September-8-2024 02:00 PM,September-8-2024 04:00 PM,https://www.redfin.com/VA/Woodbridge/1641-Ladue-Ct-22191/unit-107/home/22848678,BRIGHT MLS,VAPW2076086,N,Y,38.6118347,-77.2550189
MLS Listing,,Townhouse,2314 Margraf Cir,Woodbridge,VA,22191,475000,3,2.5,POTOMAC CLUB,2164,,2009,41,220,357,Active,,,https://www.redfin.com/VA/Woodbridge/2314-Margraf-Cir-22191/home/23409537,BRIGHT MLS,VAPW2076014,N,Y,38.626655,-77.281654
MLS Listing,,Townhouse,1908 Mariner Ln,Woodbridge,VA,22192,429900,3,2.5,LAKE RIDGE,1953,1650,1975,41,220,85,Active,,,https://www.redfin.com/VA/Woodbridge/1908-Mariner-Ln-22192/home/9168646,BRIGHT MLS,VAPW2076204,N,Y,38.6856166,-77.2722693
MLS Listing,,Townhouse,14421 Brandon Ct,Woodbridge,VA,22193,400000,3,2.5,DALE CITY,1811,1476,1970,41,221,58,Active,,,https://www.redfin.com/VA/Woodbridge/14421-Brandon-Ct-22193/home/9138374,BRIGHT MLS,VAPW2076274,N,Y,38.6404182,-77.3122364
MLS Listing,,Condo/Co-op,13958 Greendale Dr,Woodbridge,VA,22191,479900,3,2,BELMONT BAY CENTER VILLAS CONDOS,1505,,2006,43,319,492,Active,,,https://www.redfin.com/VA/Woodbridge/13958-Greendale-Dr-22191/home/12327225,BRIGHT MLS,VAPW2076154,N,Y,38.6521294,-77.2437363
MLS Listing,,Condo/Co-op,12703 Lotte Dr #302,Woodbridge,VA,22192,229000,1,1,OCCOQUAN RIDGE CONDO,731,,1968,43,313,517,Active,,,https://www.redfin.com/VA/Woodbridge/12703-Lotte-Dr-22192/unit-302/home/9386662,BRIGHT MLS,VAPW2073596,N,Y,38.676282,-77.2615893
MLS Listing,,Condo/Co-op,14756 Malloy Ct,Woodbridge,VA,22191,470000,3,2.5,,2362,1158,2016,44,199,321,Active,,,https://www.redfin.com/VA/Woodbridge/14756-Malloy-Ct-22191/home/113159549,CVRMLS,2414563,N,Y,38.63241,-77.278626
MLS Listing,,Single Family Residential,2717 Bulkhead Dr,Woodbridge,VA,22191,699900,4,4.5,PORT POTOMAC,4200,9278,2005,47,167,154,Active,,,https://www.redfin.com/VA/Woodbridge/2717-Bulkhead-Dr-22191/home/9596435,BRIGHT MLS,VAPW2075916,N,Y,38.6022229,-77.2904275
MLS Listing,,Single Family Residential,16216 Radburn St,Woodbridge,VA,22191,785000,5,4.5,PORT POTOMAC,4502,4791,2005,47,174,154,Active,,,https://www.redfin.com/VA/Woodbridge/16216-Radburn-St-22191/home/9596494,BRIGHT MLS,VAPW2075024,N,Y,38.6005126,-77.2896452
MLS Listing,,Single Family Residential,2522 Pembroke Ct,Woodbridge,VA,22192,592500,4,3,LAKE RIDGE PART 2,2205,17554,1970,47,269,,Active,,,https://www.redfin.com/VA/Woodbridge/2522-Pembroke-Ct-22192/home/9159703,BRIGHT MLS,VAPW2075620,N,Y,38.6695764,-77.2911013
MLS Listing,,Townhouse,15305 Blacksmith Ter,Woodbridge,VA,22191,415000,3,2.5,RIPPON LANDING,1928,1563,1980,47,215,105,Active,,,https://www.redfin.com/VA/Woodbridge/15305-Blacksmith-Ter-22191/home/9215996,BRIGHT MLS,VAPW2075086,N,Y,38.6197579,-77.2714432
MLS Listing,,Townhouse,14812 Mason Creek Cir,Woodbridge,VA,22191,465000,3,2.5,CHESTERFIELD A CONDOMINIUM,2362,,2014,47,197,322,Active,,,https://www.redfin.com/VA/Woodbridge/14812-Mason-Creek-Cir-22191/home/113180686,BRIGHT MLS,VAPW2075014,N,Y,38.6308818,-77.2770329
MLS Listing,,Single Family Residential,4250 Chambord Ln,Woodbridge,VA,22192,698000,3,3.5,WESTRIDGE,2744,14509,1987,48,254,92,Active,,,https://www.redfin.com/VA/Woodbridge/4250-Chambord-Ln-22192/home/9378335,BRIGHT MLS,VAPW2075780,N,Y,38.6832056,-77.3353041
MLS Listing,,Condo/Co-op,15528 Horseshoe Ln #528,Woodbridge,VA,22191,272000,2,1.5,HIGHPOINTE AT RIPPON LANDING CONDO,825,,1986,49,330,310,Active,,,https://www.redfin.com/VA/Woodbridge/15528-Horseshoe-Ln-22191/unit-528/home/168944346,BRIGHT MLS,VAPW2075508,N,Y,38.616375,-77.28224
MLS Listing,,Condo/Co-op,12717 Gordon Blvd #120,Woodbridge,VA,22192,312000,2,1.5,MOORINGS OF OCCOQUAN CONDO,1014,,1965,49,308,540,Active,,,https://www.redfin.com/VA/Woodbridge/12717-Gordon-Blvd-22192/unit-120/home/22849871,BRIGHT MLS,VAPW2075554,N,Y,38.6773935,-77.2548025
MLS Listing,,Townhouse,2007 Winslow Ct,Woodbridge,VA,22191,415000,4,2.5,WINSLOW CHASE,1123,1441,1991,49,370,85,Active,,,https://www.redfin.com/VA/Woodbridge/2007-Winslow-Ct-22191/home/9318901,BRIGHT MLS,VAPW2075636,N,Y,38.6250373,-77.2733709
MLS Listing,,Townhouse,1871 Inglebrook Dr,Woodbridge,VA,22192,450000,3,3.5,ROLLING BROOK,1960,1498,1987,51,230,130,Active,,,https://www.redfin.com/VA/Woodbridge/1871-Inglebrook-Dr-22192/home/9386474,BRIGHT MLS,VAPW2075302,N,Y,38.6766325,-77.2693513
MLS Listing,,Condo/Co-op,15641 Horseshoe Ln #641,Woodbridge,VA,22191,245000,1,1,HIGHPOINTE AT RIPPON LANDING CONDO,625,,1986,56,392,234,Active,,,https://www.redfin.com/VA/Woodbridge/15641-Horseshoe-Ln-22191/unit-641/home/21496780,BRIGHT MLS,VAPW2074962,N,Y,38.614621,-77.282719
MLS Listing,,Condo/Co-op,12654 Dara Dr #204,Woodbridge,VA,22192,200000,1,1,OCCOQUAN RIDGE CONDO,684,,1968,61,292,429,Active,,,https://www.redfin.com/VA/Woodbridge/12654-Dara-Dr-22192/unit-204/home/191450665,BRIGHT MLS,VAPW2074544,N,Y,38.6770764,-77.2618512
MLS Listing,,Townhouse,14898 Potomac Branch Dr,Woodbridge,VA,22191,424900,3,2.5,POTOMAC CLUB CONDO,1466,,2010,62,290,385,Active,,,https://www.redfin.com/VA/Woodbridge/14898-Potomac-Branch-Dr-22191/home/40294789,BRIGHT MLS,VAPW2073380,N,Y,38.628662,-77.2807076
MLS Listing,,Single Family Residential,3012 Jenny Ln,Woodbridge,VA,22192,749990,4,3.5,LONGWOOD ESTATES,3643,20399,1984,63,206,,Active,,,https://www.redfin.com/VA/Woodbridge/3012-Jenny-Ln-22192/home/9238337,BRIGHT MLS,VAPW2074244,N,Y,38.6639439,-77.3041962
MLS Listing,,Single Family Residential,13430 Forest Glen Rd,Woodbridge,VA,22191,485000,6,2,MARUMSCO VILLAGE,1378,10798,1959,64,352,,Active,,,https://www.redfin.com/VA/Woodbridge/13430-Forest-Glen-Rd-22191/home/9154303,BRIGHT MLS,VAPW2069800,N,Y,38.6611109,-77.270844
MLS Listing,,Single Family Residential,13106 Newgate Rd,Woodbridge,VA,22193,529900,4,2.5,DALE CITY,2250,9901,1986,65,236,,Active,,,https://www.redfin.com/VA/Woodbridge/13106-Newgate-Rd-22193/home/9186590,BRIGHT MLS,VAPW2074506,N,Y,38.6684831,-77.3740728
MLS Listing,,Condo/Co-op,12717 Gordon Blvd #124,Woodbridge,VA,22192,318000,2,1.5,MOORINGS OF OCCOQUAN CONDO,1014,,1965,68,314,468,Active,,,https://www.redfin.com/VA/Woodbridge/12717-Gordon-Blvd-22192/unit-124/home/191421479,BRIGHT MLS,VAPW2074080,N,Y,38.6773935,-77.2548025
MLS Listing,,Townhouse,674 Belmont Bay Dr,Woodbridge,VA,22191,629900,3,2.5,BELMONT TOWN CENTER,2411,1598,2001,69,261,123,Active,,,https://www.redfin.com/VA/Woodbridge/674-Belmont-Bay-Dr-22191/home/9387106,BRIGHT MLS,VAPW2073940,N,Y,38.6538884,-77.2356522
MLS Listing,,Condo/Co-op,13970 Englefield Dr #4201,Woodbridge,VA,22193,419990,2,2,K. HOVNANIAN'S FOUR SEASONS AT VIRGINIA CROSSING,1533,,2024,72,274,479,Active,,,https://www.redfin.com/VA/Dale-City/13970-Englefield-Dr-22193/unit-4201/home/191306903,BRIGHT MLS,VAPW2074016,N,Y,38.6499802,-77.3235968
MLS Listing,,Condo/Co-op,1604 Renate Dr #102,Woodbridge,VA,22192,240000,2,1,OCCOQUAN RIDGE CONDO,924,,1968,73,260,661,Active,,,https://www.redfin.com/VA/Woodbridge/1604-Renate-Dr-22192/unit-102/home/9279505,BRIGHT MLS,VAPW2070364,N,Y,38.6753249,-77.262621
MLS Listing,,Single Family Residential,2807 Powell Dr,Woodbridge,VA,22191,449500,4,2,GARFIELD ESTATES,1408,8224,1966,74,319,,Active,,,https://www.redfin.com/VA/Woodbridge/2807-Powell-Dr-22191/home/9089352,BRIGHT MLS,VAPW2072980,N,Y,38.6048462,-77.2984849
MLS Listing,,Townhouse,12554 Forest Hill Rd,Woodbridge,VA,22192,320000,3,1.5,PINEWOOD FOREST,1139,,1975,74,281,477,Active,,,https://www.redfin.com/VA/Woodbridge/12554-Forest-Hill-Rd-22192/home/9192167,BRIGHT MLS,VAPW2073932,N,Y,38.682541,-77.289925
MLS Listing,,Townhouse,14615 Endsley Turn,Woodbridge,VA,22193,388000,3,2,DALE CITY,1440,2400,1978,76,269,56,Active,,,https://www.redfin.com/VA/Woodbridge/14615-Endsley-Turn-22193/home/9135321,BRIGHT MLS,VAPW2073256,N,Y,38.6358357,-77.3373472
MLS Listing,,Single Family Residential,15914 Donald Curtis Dr,Woodbridge,VA,22191,498700,4,2.5,GARFIELD ESTATES,1825,13930,1955,80,273,,Active,,,https://www.redfin.com/VA/Woodbridge/15914-Donald-Curtis-Dr-22191/home/9380642,BRIGHT MLS,VAPW2072314,N,Y,38.6075764,-77.2979474
MLS Listing,,Townhouse,15110 Jarrell Pl,Woodbridge,VA,22193,445000,3,2.5,WEXFORD,1872,1498,1994,81,238,82,Active,,,https://www.redfin.com/VA/Woodbridge/15110-Jarrell-Pl-22193/home/9288867,BRIGHT MLS,VAPW2073384,N,Y,38.6245028,-77.3443488
MLS Listing,,Single Family Residential,12827 Valleyhill St,Woodbridge,VA,22192,637000,5,3.5,OLD BRIDGE ESTATES,2683,8794,1987,82,237,80,Active,,,https://www.redfin.com/VA/Woodbridge/12827-Valleyhill-St-22192/home/9261431,BRIGHT MLS,VAPW2073332,N,Y,38.6765075,-77.3232665
MLS Listing,,Townhouse,11832 Limoux Pl,Woodbridge,VA,22192,575000,3,3.5,RIDGELEIGH,2073,1738,1996,87,277,87,Active,,,https://www.redfin.com/VA/Woodbridge/11832-Limoux-Pl-22192/home/9334403,BRIGHT MLS,VAPW2072720,N,Y,38.697754,-77.320887
MLS Listing,,Single Family Residential,15907 Crest Dr,Woodbridge,VA,22191,499000,5,3,GARFIELD ESTATES,1825,21514,1957,88,273,,Active,,,https://www.redfin.com/VA/Woodbridge/15907-Crest-Dr-22191/home/9089873,BRIGHT MLS,VAPW2071900,N,Y,38.6063508,-77.299018
MLS Listing,,Single Family Residential,14496 Aurora Dr,Woodbridge,VA,22193,847000,4,3.5,AURORA ESTATES,3030,31681,,102,280,,Active,,,https://www.redfin.com/VA/Woodbridge/14496-Aurora-Dr-22193/home/173153005,BRIGHT MLS,VAPW2071920,N,Y,38.6373989,-77.3036293
MLS Listing,,Single Family Residential,14492 Aurora Dr,Woodbridge,VA,22193,867000,4,3.5,AURORA ESTATES,4230,69338,,102,205,,Active,,,https://www.redfin.com/VA/Woodbridge/14492-Aurora-Dr-22193/home/173153006,BRIGHT MLS,VAPW2071894,N,Y,38.6376289,-77.303095
MLS Listing,,Vacant Land,14435 Delaney Rd,Woodbridge,VA,22193,150000,,,Woodbridge,,219324,,184,,,Active,,,https://www.redfin.com/VA/Woodbridge/14435-Delaney-Rd-22193/home/40477153,BRIGHT MLS,VAPW2065796,N,Y,38.645556,-77.3445629
MLS Listing,,Vacant Land,11429 Occoquan Oaks Ln,Woodbridge,VA,22192,495000,,,OCCOQUAN OAKS,,250818,,186,,,Active,,,https://www.redfin.com/VA/Woodbridge/11429-Occoquan-Oaks-Ln-22192/home/9289960,BRIGHT MLS,VAPW2066254,N,Y,38.708483,-77.370209
MLS Listing,,Townhouse,3691 Traford Ln,Woodbridge,VA,22193,669900,4,3,FOUR SEASONS AT VIRGINIA CROSSING,2136,4216,2023,197,314,218,Active,,,https://www.redfin.com/VA/Woodbridge/3691-Traford-Ln-22193/home/181421529,BRIGHT MLS,VAPW2065350,N,Y,38.6497874,-77.3227684
MLS Listing,,Vacant Land,4070 Dale Blvd,Woodbridge,VA,22193,299000,,,DALE CITY ADDITION,,154733,,206,,,Active,,,https://www.redfin.com/VA/Woodbridge/4070-Dale-Blvd-22193/home/143745830,BRIGHT MLS,VAPW2065060,N,Y,38.642694,-77.33263
MLS Listing,,Single Family Residential,16254 Neabsco Beach Way,Woodbridge,VA,22191,820000,2,1,RIVER MOUTH CORPORATION CONDO,828,,2008,247,990,208,Active,,,https://www.redfin.com/VA/Woodbridge/16254-Neabsco-Beach-Way-22191/home/21968627,BRIGHT MLS,VAPW2063124,N,Y,38.5990381,-77.2566357
MLS Listing,,Single Family Residential,1431 F St,Woodbridge,VA,22191,475000,3,2.5,BOTTS,,11199,1953,298,,,Active,,,https://www.redfin.com/VA/Woodbridge/1431-F-St-22191/home/143590824,BRIGHT MLS,VAPW2061438,N,Y,38.6610239,-77.2587224
MLS Listing,,Vacant Land,1354 Woodside Dr,Woodbridge,VA,22191,375000,,,Woodbridge,,67953,,778,,,Active,,,https://www.redfin.com/VA/Woodbridge/1354-Woodside-Dr-22191/home/9147764,BRIGHT MLS,VAPW517796,N,Y,38.6352167,-77.2576331
New Construction Plan,,Townhouse,ISAAC Plan,Woodbridge,VA,22191,592900,3,2.5,Woodbridge,2192,,,214,270,,Active,,,https://www.redfin.com/VA/Woodbridge/Woodbridge/ISAAC/home/188274865,Zillow,AE1CFB831F57,N,Y,38.6253,-77.2917
New Construction Plan,,Townhouse,IAN Plan,Woodbridge,VA,22191,487900,3,2.5,Woodbridge,1493,,,214,327,,Active,,,https://www.redfin.com/VA/Woodbridge/Woodbridge/IAN/home/188277861,Zillow,8ACBA811A518,N,Y,38.6253,-77.2917